id,name,original_name,pixiv,fanbox,twitter,instagram,facebook,carrd,artstation,patreon,gumroad,redbubble,youtube,twitch,imdb,skeb,fanding,chzzk,melonbooks,lit_link,weibo,fantia,coloso,naver_cafe,tumblr,threads,bluesky,naver_blog,linktr,deviantart,steam,foundation,booth,formrun,misskey,skima,foriio,bilibili,dlsite,plurk,htoh,subscribestar,asked,inprnt,etsy,ko_fi,vgen,arcalive,artmug,pinterest,privatter,ci_en,potofu,profcard,giphy,behance,penker,adobe_portfolio,sketchmob,gamer
1,110,,2028695,,,,,,,,,,,,,,,,,,,,,,,,,,,,,,,,,,,,,,,,,,,,,,,,,,,,,,,,,
2,Mitsu,,68839843,mitsu,MitsuArt_,mitsuart.works,Natalia.Renault,mitsuart,mitsukai-inki,mitsu_art,mitsuartofficial,mitsu-art,@Mitsu_art,mitsuart,nm5878659,,,,,,,,,,,,,,,,,,,,,,,,,,,,,,,,,,,,,,,,,,,,,
3,Hoshiumi,„Åª„Åó„ÅÜ„Åø,121768,,hosiumix,,,,,,,,,,,,,,,,,,,,,,,,,,,,,,,,,,,,,,,,,,,,,,,,,,,,,,,
4,Siyou,,9615262,,siyou5,,,,,,,,,,,,,,,,,,,,,,,,,,,,,,,,,,,,,,,,,,,,,,,,,,,,,,,
5,Ryan,Êî∂Ë®ä‰∏çËâØ,7459019,,tuesday_0221,,Ryan.Ryanart,,,,,,,,,,,,,,,,,,,,,,,,,,,,,,,,,,,,,,,,,,,,,,,,,,,,,
6,Karappo,Á©∫„Å£„ÅΩ,17265047,j321ij9l,karappo_irasuto/karappo_nidaime,,,,,,,,,,,karappo_irasuto,,,,,,,,,,,,,,,,,,,,,,,,,,,,,,,,,,,,,,,,,,,,
7,Mochirong,,6005584,mochirong,chirong559/chirong19,,,,mochirong,,,,,,,,Mochirong,fa39b430665e23c408820633dde17917,,,,,,,,,,,,,,,,,,,,,,,,,,,,,,,,,,,,,,,,,,
8,Deaver,„Éá„Ç£„Éº„Éê,29999491,deaver0211,Deaver1229,,,,,Deaver1104,,,,,,,Deaver1229,,113368,,,,,,,,,,,,,,,,,,,,,,,,,,,,,,,,,,,,,,,,,
9,Fukuro,Ë¢ãÂ≠ê,4588267,fukuro,hachifukuDZ,hachifukudz,,,,hachifukuDZ,,,,,,,,,,fukuro56,lvchadedaizi,423346,,,,,,,,,,,,,,,,,,,,,,,,,,,,,,,,,,,,,,
10,EKOR,,78229564,ekor2,rOKe43944001,,,,,,,,,,,rOKe43944001,,,,,,345314,,,,,,,,,,,,,,,,,,,,,,,,,,,,,,,,,,,,,,
11,Makarony,,19562793,,Makarony69,,,,,,,,,,,,,,,,,,,,,,,,,,,,,,,,,,,,,,,,,,,,,,,,,,,,,,,
12,TD,,4532699,,Tandeom_97,,Tandeom97,,,,,,,,,,,,,,,,,,,,,,,,,,,,,,,,,,,,,,,,,,,,,,,,,,,,,
13,Tinia,,16148853,,EtruTinia,,,,,,,,,,,,,,,,,,,,,,,,,,,,,,,,,,,,,,,,,,,,,,,,,,,,,,,
14,Mogun,„É¢Ë™∞,1878082,modare,jeonghee1414,,,,,,,,,mogoon14,,,,,48463,,,,illustrator_mogoon,,,,,,,,,,,,,,,,,,,,,,,,,,,,,,,,,,,,,
15,Monthmio,,31909437,,,,,,,,,,,,,,,,,,,,,,,,,,,,,,,,,,,,,,,,,,,,,,,,,,,,,,,,,
16,MOKEW,,16131171,mokew,Mokew_,,,,,,,,,,,,,,,,,,,feveraca,,,,,,,,,,,,,,,,,,,,,,,,,,,,,,,,,,,,
17,tokki2929,ÏÜúÌÑ∏ÌÜ†ÎÅº,16131171,,tokki2929,,,,,,,,,,,,,,,,,,,,,,,,,,,,,,,,,,,,,,,,,,,,,,,,,,,,,,,
18,heunheun,ÌóåÌóå,34515609,,Catch0152,,,,,,,,,,,,,,,,,,,,,,,,,,,,,,,,,,,,,,,,,,,,,,,,,,,,,,,
19,Lansane,„É©„É≥„Çµ„Éç,4007933,lansane,lalansane,la_lansane,,,,,,,,,,lalansane,,,,,,,,,lansane,la_lansane,lalansane,,,,,,,,,,,,,,,,,,,,,,,,,,,,,,,,,
20,PeepoRose,,,,peepo_rose,,,,,,,,,,,,,,,,,,,,,,,,,,,,,,,,,,,,,,,,,,,,,,,,,,,,,,,
21,Nueong,ÎàÑÏóâ,37219059,,Nu_eong,,,,,,,,,,,,,,,,,,,,,,,,,,,,,,,,,,,,,,,,,,,,,,,,,,,,,,,
22,DL,,16755624,,DL_6ix/__De_la,,,,,,,,,,,,,,,,,,,,,,,,,,,,,,,,,,,,,,,,,,,,,,,,,,,,,,,
23,Measho,,17125098,,Measho_198,,,,,,,,,,,,,,,,u/6588175876,,,,,,,,,,,,,,,,,,,,,,,,,,,,,,,,,,,,,,,
24,Chika,ÂçÉËä±,66624863,,Kiyoshishiroco,,,,,,,,,,,chika,,,,,,,,,,,,,,,,,,,,,,,,,,,,,,,,,,,,,,,,,,,,
25,Shigeta,„Åó„Åí„Åü,58071993,,yankeehamama,,,,,,,,,,,,,,,,,,,,,,,,,,,,,,,,,,,,,,,,,,,,,,,,,,,,,,,
26,Rumi,„É´„Éü,13321374,,RUMI_519,,,,,,,,,,,,,,,,,,,,,,,,,,,,,,,,,,,,,,,,,,,,,,,,,,,,,,,
27,Molang Villain,Î™∞ÎûëÎπåÎü∞,22604213,,RUMI_519,,,,,,,,,,,,,,,,,,,,,,,,,,,,,,,,,,,,,,,,,,,,,,,,,,,,,,,
28,MUCU,,65017919,,iby0112,,,,,,,,,,,,,,,,,,,,,,,,,,,,,,,,,,,,,,,,,,,,,,,,,,,,,,,
29,HUE,,,,hue_oo_,,,,,,,,,,,,,,,,,,,,,,,,,,,,,,,,,,,,,,,,,,,,,,,,,,,,,,,
30,Maett,,11668466,,maett_a,,,,,,,,,,,,,,,,,,,,,,,,,,,,,,,,,,,,,,,,,,,,,,,,,,,,,,,
31,Blacha,,5446150,,,,,,,,,,,,,,,,,,,,,,,,,,,,,,,,,,,,,,,,,,,,,,,,,,,,,,,,,
32,NO1,,44444041,,noixen,,,,,,,,,,,,,,,,,,,,,,,,,,,,,,,,,,,,,,,,,,,,,,,,,,,,,,,
33,ZL100,,81063709,,zlwork100,,,,,,,,,,,,,,,,,,,,,,,,,,,,,,,,,,,,,,,,,,,,,,,,,,,,,,,
34,Windy,,1510017,,jazz9207,,,,,,,,,,,,,,,,,,,,,,,windyjazz,,,,,,,,,,,,,,,,,,,,,,,,,,,,,,,,
35,ELze,,11626448,,ELze1011,,,,,,,,,,,,,,,,,,,,,,,,,,,,,,,,,,,,,,,,,,,,,,,,,,,,,,,
36,SyHan,,12505972,syhan,SyHan__,,,,,,,,,,,,,81b7bd1cd69ebc564890637698cd546f,,,,,,,,,,,,,,,,,,,,,,,,,,,,,,,,,,,,,,,,,,
37,KOYA,,34606934,,KOYA_1001,,,,,,,,,,,,,,,,,,,,,,,,,,,,,,,,,,,,,,,,,,,,,,,,,,,,,,,
38,Koyap,,80129746,kopam,ko_koyap,,,,,kopam,,,,,,,,,,,,,,,,,,,,,,,,,,,,,,,,,,,,,,,,,,,,,,,,,,
39,Nekoya,„Éç„Ç≥„É§,4119858,,Nekodayo_22,nekodayo22,Nekodayo22,nekoya22,nekodayo22,,,,,nekodayo22,,,,,,,,,,,,,,,nekoya22,nekodayo22,,,,,,,,,,,,,,,,,,,,,,,,,,,,,,
40,Nekoya,Áå´Â±ã,16785244,nekoyaliu,nekoyaliu,,nekoyaliu,,,nekoyaliu,,,,,,,,,,,,,,,,,,,,,,,,,,,,,,,,,,,,,,,,,,,,,,,,,,
41,Zds,,14094820,zds,,,,,,,,,,,,,,,,,,,,,,,,,,,,,,,,,,,,,,,,,,,,,,,,,,,,,,,,
42,Chowbie,,13463954,,Chowbie_,chowbie_art,ChowbieArt,,,,,,,,,,,,,,,,,,,chowbie_art,,,,,44735214,Chowbie,,,,,,,,,,,,,,,,,,,,,,,,,,,,
43,Kenkou Mineral,ÂÅ•Â∫∑„Éü„Éç„É©„É´,93490571,kenkoumineral55,kenkoumineral55,,,,,,,,,,,kenkoumineral55,,,,,,,,,,,,,,,,,,,,,,,,,,,,,,,,,,,,,,,,,,,,
44,Hiroi Sora,„Å≤„Çç„ÅÑÁ©∫,6106598,,svisinivs,,,,,,,,,,,,,,,,,,,,,,,,,,,,,,,,,,,,,,,,,,,,,,,,,,,,,,,
45,Darang9,,36288535,,Daran_9,,,,,,,,,,,,,,,,,,,,,,,,,,,,,,,,,,,,,,,,,,,,,,,,,,,,,,,
46,Mong,,78367046,,hyem0ng,,,,,,,,,,,,,,,,,,,,,,,,,,,,,,,,,,,,,,,,,,,,,,,,,,,,,,,
47,Horu,Ìò∏Î•¥,71667864,,horuhara,,,,,,,,,,,,,,,,,,,,,,,,,,,,,,,,,,,,,,,,,,,,,,,,,,,,,,,
48,Flasso,,1695367,,JpFlasso,,,,,,,,Flasso,flasso,,,,,,,,,,,,,,,,,,,,,,,,,,,,,,,,,,,,,,,,,,,,,,
49,Orekh Janguo,,61482618,,Orekh_JanGuo,,,,,,,,,,,,,,,,,,,,,,,,,,,,,,,,,,,,,,,,,,,,,,,,,,,,,,,
50,Mollra,,15275191,,mollray1548,,,,,,,,,,,,,,,,,,,,,,,,,,,,,,,,,,,,,,,,,,,,,,,,,,,,,,,
51,RicKe,,75603323,,RicKe_1102/RicKe_second,,,,,,,,,,,,,,,,,,,,,,,,,,,,,,,,,,,,,,,,,,,,,,,,,,,,,,,
52,KJI,,74523730,,apexhiru,,,,,,,,,,,,,,,,,,,,,,,,,,,,,,,,,,,,,,,,,,,,,,,,,,,,,,,
53,SushiSpin,,8423651,,Sushispin_,,,,ro-ahn,,,,,,,,,,,,,,,,,,,,,,,,,,,,,,,,,,,,,,,,,,,,,,,,,,,
54,Mask,üò∑,84325201,,,,,,,,,,,,,,,,,,,,,,,,,,,,,,,,,,,,,,,,,,,,,,,,,,,,,,,,,
55,Chiyo Akira,ÂçÉ‰ª£ÊòéKira,64206294,,KKira634,,,,,,,,,,,,,,,,,,,,,,,,,,,,,,,,,,,,,,,,,,,,,,,,,,,,,,,
56,Poge-,„ÅΩ„Åí„Éº,74937746,,pogeepogee,,,,,,,,,,,,,,,,,,,,,,,,,,,,,,,,,,,,,,,,,,,,,,,,,,,,,,,
57,Mela,,50337529,,mela0658,,,,,,,,,,,,,,,,,,,,,,,,,,,,,,,,,,,,,,,,,,,,,,,,,,,,,,,
58,Chibi,ÏπòÎπÑ,,,chibiya1010,,,,,,,,,,,,,,,,,,,,,,,,,,,,,,,,,,,,,,,,,,,,,,,,,,,,,,,
59,Hioyami,,38528889,,hioyami02,,,,,hioyami,,,,,,,,,,,,,,,,,,,,,,,,,,,,,,,,,,,,,,,,,,,,,,,,,,
60,Yan-Yam@,,2682698,yan-yam,yan_yam,,,,,,,,,,,,,,,,,69612,,,,,,,,,,,,,,,,,,,,,,,,,,,,,,,,,,,,,,
61,Yamasan,,346855,yamasan,yamasaning,yamasandayomon,,,,,,,,,,,,,,,,13257,,,,,,,,,,,yamasan,,,,,,,,,,,,,,,,,,,,,,,,,,,
62,Yampa,,8045536,yampaham,yampaham,,,,,21478536,,,,,,,,,,,,40592,,,,,,,,,,,,,,,,,,,,,,,,,,,,,,,,,,,,,,
63,Yam,,,yampaham,yamaP_mako,,,,,,,,,,,yamaP_mako,,,,,,,,,,,,,,,,,,yamako-am-Utf3ROEATqmAALQL44pr,yamaP_mako,53447,yamaP,,,,,,,,,,,,,,,,,,,,,,,
64,HasaRang,,14980274,,Hasa_Rang,,,,,,,,,,,,,,,,,,,,,,,,,,,,,,,,,,,,,,,,,,,,,,,,,,,,,,,
65,Mt_Kid,,21087794,,BigMt_Kid,,,,,,,,,,,,,,,,,,,,,,,,,,,,,,,,,,,,,,,,,,,,,,,,,,,,,,,
66,Colamimi,ÂèØ‰πêÁ±≥mi,22334948,,,,,,,,,,,,,,,,,,6896859363,,,,,,,,,,,,,,,,,13598089,,,,,,,,,,,,,,,,,,,,,,
67,Bague,„Å∞„Åê„Åà„ÄÅ,729696,,bague05,,,,,,,,,,,bague05,,,14376,,,,,,,,,,,,,,vitalarea,,,,,,RG14706,,,,,,,,,,,,,,,,,,,,,
68,Iblion,„Ç§„Éñ„É™„Ç™„É≥,6491712,iblion,lioniblis,,,,,,,,,,,,,,,,,,,,,,lioniblis,,,,,,,,lioniblis,,,,,,,,,,,,,,,,,,,,,,,,,
69,Uno Ryoko,Ê∏©Èáé„Çä„Çá„Åè,8089358,UnoRyoku,UnoRyoku,,,,,,,,,,,UnoRyoku,,,35682,,,5920,,,,,,,,,,,,,,,,,,,,,,,,,,,,,,,,,,,,,,
70,Fring,,,,AIart_Fring,,,,,,,,,,,,,,,,,,,,,,,,,,,,,,,,,,,,,,,,,,,,,,,,,,,,,,,
71,Kirii Nao,Ê°ê‰∫ï„Éä„Ç™,1871124,nao-kirii,nao_kirii,,,,,,,,,,,,,,,,,,,,,,,,,,,,nao-kirii,,,,,,,,,,,,,,,,,,,,,,,,,,,
72,Crowna,„ÇØ„É≠„Éº„Éä,90932536,crowna,CrownaRed,,,,,Crowna,,,,,,,,,,crowna,,,,,,crowna77,,,,,,,,,,,,,,,,,,,,,,,,,,,,,,,,,,
73,Nakatashio,‰∏≠Áî∞Â°©,3708450,,LhSPtQbsDdvslJ3,,,,,,,,,,,nakatasio,,,,,,,,,,,,,,,,,,,nakatasio,,,,,,,,,,,,,,,,,,,,,,,,,
74,Asahi Nagiri,ÊúùÊØîÂ•à ÂêâÂà©,9448719,hightway-420,Hightway_420_v2/guman_project,,jerrylov29,,,,hightway420,,jerrylov29,jerrylov29,,,,,,,,,,,,,,,,,,,,,Hightway_420,,,,,jerrylov29,hightway420,,,,,,,,,,,,,,,,,,,
75,Yonchan,Yonchan¬∞,72405030,,yonminchan,,,,,,,,,,,,,,,,,,,,,,,,,,,,,,,,,,,,,,,,,,,,,,,,,,,,,,,
76,Yuria,,43775890,,Yuria_Apo,,,,,,,,,,,,,,,,,,,,,,,,,,,,,,,,,,,,,,,,,,,,,,,,,,,,,,,
77,SydusArts,,5235833,sydusarts,SydusArts,sydusarts,SydusArts,,,sydusarts,sydusarts,,,,,,,,,,,,,,,,,,,,,,,,,,,,,,,sydusarts,,,,,,,,,,,,,,,,,,
78,Siann,ÏãúÏïà„Ñ¥,,,iisa111111,,,,,,,,,,,,,,,,,,,,,,,,,,,,,,,,,,,,,,Sian_n,,,,,,,,,,,,,,,,,
79,Raay,,13448405,,,,,,,,,,,,,,,,,,,,,,,,,,,,,,,,,,,,,,,,,,,,,,,,,,,,,,,,,
80,Dabbi,Îã§ÏÇê,14815057,,woony118,,,,,,,,,,,,,,,,,,,,,,,,,,,,,,,,,,,,,,,,,,,,,,,,,,,,,,,
81,Midori,Á±≥Ë±ÜÁ∂†Midori,,,Midori_fufu,,,,,,,,,,,,,,,,,,,,,,,,,,,,,,,,,,,,,,,,,,,,,,,,,,,,,,,
82,Hagoonha,ÌïòÍµ∞Ìïò,37929892,,hagoonha,,,,,,,,,,,,,,,,,,,,,,,,,,,,,,,,,,,,,,,,,,,,,,,,,,,,,,,
83,Nyong_Nyong,,14120806,bignyongnyong,BigNyongNyong,,,,,,,,,,,,,,,,,,,,,,,,,,,,,,,,,,,,,,,,,,,,,,,,,,,,,,,
84,HQ,„Å≠„Åì„ÅØ„Å≠„Çã,,,8quuu_,,,,,,,,,,,,,,,,,,,,,,,,,,,,,,,,,,,,,,,,,,,,,,,,,,,,,,,
85,Dammit,,23202241,,,,,,,,,,,,,,,,,,,,,,,,,,,,,,,,,,,,,,,,,,,,,,,,,,,,,,,,,
86,Sicle,,20988156,,lu_sicle,,,,,,,,,,,,,,,,,,,,,,,,,,,,,,,,,,,,,,,,,,,,,,,,,,,,,,,
87,Íìò,,87833216,,pendingname7777/nkmmktwt,,,,,,,,,,,,,,,,,,,,,,,,,,,,,,,,,,,,,,,,,,,,,,,,,,,,,,,
88,OHA,,,,OHA_JHK,oha_jhk,,,oha_jhk,,,,,,,,,,,,,,,,,,,,,,,,,,,,,,,,,,,,,,,,,,,,,,,,,,,
89,Seo,,50813524,,seosenseisan,,,,,,,,,,,,,,,,,,,,,,,,,,,,,,,,,,,,,,,,,,,,,,,,,,,,,,,
90,Rity,„É™„ÉÜ„Ç£,23567350,,k_rity,k_rity04,,,rity_k,,,,k_rity,k_rity,,,,,,,,,,,,k_rity04,,,trinity0404,,,,,,,,,,,,,,,,,,,,,,,,,,,,,,,
91,RadioNeet,„É©„Ç∏„Ç™NEET,5621747,,radioneet,,,,,radioneet,,,,,,,,,,,,,,,,,,,,,,,,,,,,,,,,,,,,,,,,,,,,,,,,,,
92,Kadono,„Åã„Å©„ÅÆ,21153417,,kadokadokado14,,,,,,,,,,,,,,,,,,,,,,,,,,,,,,,,,,,,,,,,,,,,,,,,,,,,,,,
93,Jaws,,13081441,,XfThIP0TwRa0GM2,,,,,,,,,,,,,,,,,,,,,,,okdol0928,,,,,,,,,,,,,,,,,,,,,,,,,,,,,,,,
94,Shuri,Êú±Èáå,,ebiebieshrimp,ebiebieshrimp,,,,,,,,,,,,,,,,,,,,ebiebieshrimp,,,,,,,,,,,,,,,,,,,,,,,,,,,,,,,,,,,
95,Ziu,„Å¢„ÅÜ,102967477,diu131,7vUKaVNSQz48026,,,,,,,,,,,7vUKaVNSQz48026,,,,,,,,,,,,,,,,,,,diu13131,,,,,,,,,,,,,,,,,,,,,,,,,
96,Roha,,14561023,,R_o_ha,,,,,,,,,,,,,,,,,,,rohaacademy,,,,,,,,,,,,,,,,,,,,,,,,,,,,,,,,,,,,
97,Yohaku,,16331597,,YH_0w0/Delt_Aca,,,,,,,,,,,,,,,,,,,delt,,,,,,,,,,,,,,,,,,,,,,,,,,,,,,,,,,,,
98,Poharo,,15459635,poharo,poharo119,,,,,27095829,,,,,,,,,,,,,,,,,,,,,,,,,,,,,,,,,,,,,,,,,,,,,,,,,,
99,Kinohara,,2065594,kiwihana,kinoharakossuta/kiwihana18,,kinohara.nguyen,,,,kinoharakossuta,,,,,,,,,,,,,,,,,,kinohara,,,,,,,,,,,,,,,,,,,,,,,,,,,,,,,
100,Mohaka,Î™®ÌïòÏπ¥,40485300,,M_0haka,,,,,,,,,,,,,,,,,,,,,,,,,,,,,,,,,,,,,,,,,,,,,,,,,,,,,,,
101,DoHam,,50278663,,_DoHam,,,,,,,,,,,,,,,,,,,,,,,,,,,,,,,,,,,,,,,,,,,,,,,,,,,,,,,
102,Nanohana,ËèúËä±,29724874,,nanohana_186,,,,,,,,,,,,,,,,,,,,,,,,,,,,,,,,,,,,,,,,,,,,,,,,,,,,,,,
103,Nocras,ËèúËä±,8103614,,nocras666,,,,,,,,,,,,,,,,,,,,nocras666,,,,,,,,,,,,,,,,,,,,,,,,,,,,,,,,,,,
104,Rynn,,12724472,,r_ynn_07,Rynn_art,,,,,,,,,,,,,,,,,,,,,,,,,,,,,,,,,,,,,,,,,,,,,,,,,,,,,,
105,Madai,„Åæ„Å†„ÅÑ,24884800,orihal-iam,Mappy88829851,,,,,,,,,,,Mappy88829851,,,,,,,,,,,,,,,,,,,,,,,,,,,,,,,,,,,,,,,,,,,,
106,Eternals,,,,eternals,_eternals,,eternal-s,,,,,,,,,,,,,,,,,,,,,,,,,,,,,,,,,,,,eternal-s,EternalSArtworks,eternals,Eternals,,,,,,,,,,,,,
107,Pora,,45041393,,PORA_0_,pora_0_,,,,,,,,,,,,,,,,,,,,,,,PORA,,,,,,,,,,,,,,,,,,,,,,,,,,,,,,,
108,Kokemomo,„Åì„Åë„ÇÇ„ÇÇ,1472682,lingonberry67,lingonberry67,,,,,,,,,,,lingonberry67,,,,,,235356,,,,,,,,,,,,,,,,,,,,,,,,,,,,,,,,,,,,,,
109,CryBaby,„ÇØ„É©„Ç§„Éô„Éì„Éº,72563115,whammtrybaby2,whammy2crybaby4,,,,,,whammy2crybaby,,,,,,,,,,,,,,,,,,,,,,,,,,,,,,,,,,,,,,,,,,,,,,,,,
110,Pixy,„Éî„ÇØ„Ç∑„Éº,31869137,pixy,pixy1234567891,,,,,pixy123,,,,,,,,,,,,,,,,,,,,,,,,,,,,,,,,,,,,,,,,,,,,,,,,,,
111,95,,21764204,,jiuwujiang,,,,,,,,,,,,,,,,,,,,,,,,,,,,,,,,,,,,,,,,,,,,,,,,,,,,,,,
112,LightningACE,,101732131,,P38LightningACE,,,,,,,,,,,,,,,,,,,,,,,,,,,,,,,,,,,,,,,,,,,,,,,,,,,,,,,
113,Nisanka Huton,‰∫åÈÖ∏ÂåñÂ∏ÉÂõ£,20225764,oftono2,OfutonO2,,,,,,,,,,,OfutonO2,,,116748,,,,,,,,,,,,,,,,,,,,maniax/RG01000820,,,,,,,,,,,,,,,,,,,,,
114,Zeramu,„Åú„Çâ„ÇÄ,2735979,,,,,,,,,,,,,,,,,,,,,,,,,,,,,,,,,,,,,,,,,,,,,,,,,,,,,,,,,
115,Mo,,27203661,,mo80_rr/submo840041,,,,,,,,,,,,,,,,,,,,,,,,,,,,,,,,,,,,,,,,,,,,,,,,,,,,,,,
116,Ika,,4801055,,ika8203/ika0428,,,,,,,,,,,,,,,,,,,,,,,,,,,,,,,,,,,,,,,,,,,,,,,,,,,,,,,
117,Cticket,,24092314,,,,,,,,,,,,,,,,,,,,,,,,,,,,,,,,,,,,,,,,,,,,,,,,,,,,,,,,,
118,Hollyeung,ÌôÄÎ†π,16883982,,Hollyeung100,,,,,,,,,,,,,,,,,,,,,,,,,,,,,,,,,,,,,,,,,,,,,,,,,,,,,,,
119,Moramora,„É¢„É©„É¢„É©,13629236,,tea19990208,,MOLAMOLAComics,,,,,,,,,,,,,,,,,,,,,,,,,,,,,,,,,,,,,,,,,,,,,,,,,,,,,
120,Applepi2,,,,appl2pi2_,,,,,,,,,,,,,,,,,,,,,,,,,,,,,,,,,,,,,,,,,,,„Öá„Öá/98121419,,,,,,,,,,,,
121,Kukaracho,„ÇØ„Ç´„É©„ÉÅ„Éß,12965411,kukaracho,kukaracho789,,cuckarachita,,,,kukaracho,,,,,,,,,,,,,,,,,,,,,,,,qkracho,,,,,,,,,,,,,,,,,,,,,,,,,
122,DDungDDang,Îö±ÎïÖ,45562411,,ddungddang102/ddung_commi,,,,,,,,,ddungddang102,,,,,,,,,,,,,,dyomdyom,dyomdyom,,,,,,,,,,,,,,,,,,,,ZHlvbWR5b20,,,,,,,,,,,
123,Mabufuyo,,92124400,,mabufuyo,,,,,,,,,,,,,,,,,,,,,,,,,,,,,,,,,,,,,,,,,,,,,,,,,,,,,,,
124,Takutaku,„Åü„Åè„Åü„Åè,82990980,takutaku-h,takutaku12364,,,,,,,,,,,takutaku,,,,,,430497,,,,,,,,,,,,,takutaku154,,,,,,,,,,,,,,,,,,,,,,,,,
125,Kuroae San,ÈªíÂíå„Çµ„É≥,17441693,sansan3,SANsan_san321,,,,,,,,,,,,,,113228,kurowasan3,,,,,,,,,,,,,,,SANsan_san321,,,,,,,,,,,,,,,,,,,,,,,,,
126,Lulu,„É´„É´„Éº,9544086,,lulu8930430,,,,,,,,llulu8930,,,,,,,,,,,,,,,,,,,,,,,,,,,,,,,,,,,,,,,,,,,,,,,
127,Fried Bocky,,92618012,,FriedBocky/friedbockyR18,,,,,,,,,,,,,,,,,,,,,,,,,,,,,,,,,,,,,,,,,,,,,,,,,,,,,,,
128,Mitsukan,„Åø„Å§„Åã„Çì,,,natsu08kankitsu,,,,,,,,,,,,,,,,,,,,,,,,,,,,,,,,,,,,,,,,,,,,,,,,,,,,,,,
129,Pukarara,„Éó„Ç´„É©„É©,14093123,pukarara,abcd0936/gnk4649,,,,,,,,,,,gnk4649,,,,,,6564,,,,,,,,,,,,,gnk0936,,,,,,,,,,,,,,,gnk4649,gnk4649,,,,,,,,,
130,Mecha Neruko,ËäΩËå∂„Å≠„Çã„Åì,83856701,midorikawa,abcd0936/gnk4649,,,,,,,,,,,,,,,,,479558,,,,,,,,,,,midorikawa0,,,,,,,,,,,,,,,,,,,21762,,,,,,,,
131,Oni Narasu,È¨ºÈ≥¥„Çâ„Åô,1284629,,,,,,,,,,,,,,,,,,,,,,,,,,,,,,,,,,,,,,,,,,,,,,,,,,,,,,,,,
132,Tkc,„Å¶„ÅÉ„Åë„Åó,32396925,thikeshi,tkc_thikeshi/Tkc_nitijo,,,,,,,,,,,,,,,,,,,,,,thikec,,,,,,,,,,,,,,,,,,,,,,,,,,tkc-thikeshi,,,,,,,
133,Kirara Hoshiyama,„Ç≠„É©„É©ÊòüÂ±±,91668288,mametyakuror18,mametya_kuror18/krrstarmountain/mmkirara,,,,,,,,,,,mametya_kuror18,,,,kirarasutamau,,506366,,,,,,,,,,,,,mametya_kuror18,,,,,,,,,,,,,,,,,,,2qKM4gFMlSXHy4dM5xT3CrMoesg1,,,,,,
134,DayDream,,4733455,,DayDream0321,,,,,,,,,,,,,,,,,,,,,,,,,,,,,,,,,,,,,,,,,,,,,,,,,,,,,,,
135,Haruru,,81907800,,1218_haruru,,,,,,,,,,,,,,,,,,,,,,,,,,,,,,,,,,,,,,,,,,,,,,,,,,,,,,,
136,Oosaka,Â§ßÈò™,58831403,,sen_sakasa,,,,,,,,,,,sen_sakasa,,,,,,,,,,,,,,,,,,,,,,,,,,,,,,,,,,,,,,,,,,,,
137,Potato Tacos,„Éù„ÉÜ„Éà„Çø„Ç≥„Çπ,32048455,,,,,,,,,,,,,,,,,,,,,,,,,,,,,,,,,,,,,,,,,,,,,,,,,,,,,,,,,
138,YYDAP,È£ØÁî∞„Éù„ÉÜ„Éà,67715280,,potatoyyda/YYDAPxxx,,,,,,,,,,,potatoiida,,,,,,6200,,,,,,,,,,,,,,,,,,,,,,,,,,,,,,,,,,,,,,
139,Potato,„Éù„ÉÜ„Éà,67715280,,potato7192,,,,,,,,,,,,,,,,,,,,,,,,,,,,,,,,,,,,,,,,,,,,,,,,,,,,,,,
140,DIno,,66807813,,Dino_illus,,,,,,,,,,,,,,,,,,,,,,,,,,,,,,,,,,,,,,,,,,,,,,,,,,,,,,,
141,Shiwashi Seika,„Åó„Çè„ÅóÈùíÊûú,2846382,shiwashiseika,Dino_illus,,,,,,,,,,,shiwashiseika,,,,,,75392,,,,,,,,,,,,,shiwashiseika,,,,RG57804,,,,,,,,,,,,,,,,,,,,,
142,Ziro,,18526605,ziro,zirorong,,,,,,,,,,,,,,,,,,,,,,,,,,,,,,,,,,,,,,,,,,,,,,,,,,,,,,,
143,Hanakuma,,78424262,hanakuma,Hana21376,,,,,,,,,,,,,,,,,,,,,,,,,,,,,,,,,,,,,,,,,,,,,,,,,,,,,,,
144,DaRang,,67409950,,hyuns_03,,,,,,,,,,,,,,,,,,,,,,,,,,,,,,,,,,,,,,,,,,,,,,,,,,,,,,,
145,Lianbiglian,,10278825,,lianbiglian,lianbiglian,lianbiglian,,lianbiglian,,,,UCN8fq5W9Qnc3f0mFu3DYjJA,,,,,,,,,,,,,,,,lianbiglian,,,,,,,,,,,,,,,,,,,,,,,,,,lianbiglian,cathitcat23de,7490726371,,,
146,Dork Dragoon,,,,dorkdragoon,,,,,,,,DorkDragoon,,,,,,,,,,,,,,,,,,,,,,,,,,,,,,,,,,,,,,,,,,,,,,,
147,Toganawa,,2915248,,Toganawa4815,,,,,,,,,,,,,,,,,,,,,,,,,,,,,,,,,,,,,,,,,,,,,,,,,,,,,toganawa,,
148,DragonChicken,Ïö©ÏπòÌÇ®,61833067,,dragonchicken02,,,,,,,,,,,,,,,,,,,,,,,,,,,,,,,,,,,,,,,,,,,,,,,,,,,,,,,
149,FTE,,25855728,,fifteen_199/Erotic_198,,,,,,,,,,,,,,,,,,,,,,,,,,,,,,,,,,,,,,,,,,,,,,,,,,,,,,,
150,Yagen,,39846570,,yagen_o3o,yagen_ist,,,,,,,,,,,,,,,,,,,,,,,,,,,,,,,,,,,,,,,,,,,,,,,,,,,,,,
151,Netural,,69328034,,netural1175,,,,,,,,,,,,,,,,,,,,,,,,,,,,,,,,,,,,,,,,,,,,,,,,,,,,,,,
152,Xiujia Yihuizi,‰ºëÂ´Å‰∏ÄÊÖß,19469841,olol740,slow740,,,,,,,,,,,,,,,,,,,,,,,,,,,,,,,,,,,,,,,,,,,,,,,,,,,,,,,
153,Toccic,,68304817,,Toccic3,,,,,,,,,,,Toccic3,,,,,,,,,,,,,,,,,,,,,,,,,,,,,,,,,,,,,,,,,,,,
154,Zakimpo,,15924861,zakimpo,Zakimpo,zakimpo,,,,,,,zakimpo,,,,,,,,,,,,,,,,,,,,,,,,,,,,,,,,,,,,,,,,,,,,,,,
155,Shouhin,ÂïÜÂìÅ,82203720,,toombo12,,,,,,,,,,,,,,,,,,,,,,,,,,,,,,,,,,,,,,,,,,,,,,,,,,,,,,,
156,Kusoge Player,,84491400,,TSCplayer,,,,,,,,,,,,,,,,,,,,,,,,,,,,,,,,,,,,,,,,,,,,,,,,,,,,,,,
157,Dishui Tangni,Êª¥Ê∞¥ÂîêÂ∞º,68247201,,dishuitangni,,,,,,,,,,,,,,,,,,,,,,,,,,,,,,,,,22610885,,,,,,,,,,,,,,,,,,,,,,
158,Heoburi,ÌóàÎ∂ÄÎ¶¨,40163021,,heoburi35,,,,,,,,,,,,,,,,,,,,,,,ghwns0100,,,,,,,,,,,,,,,,,,,,,,,,,,,,,,,,
159,Minishell,,16696544,,minishell010,,,,,,,,,,,,,,,,,,,,,,,,,,,,,,,,,,,,,,,,,,,,,,,,,,,,,,,
160,Yanggebushiyangge,Èò≥Êàà‰∏çÊòØÁßßÊ≠å,22616988,,yanggebushiyan1,,,,,,,,,,,,,,,,u/6398525591,,,,,,,,,,,,,,,,,,,,,,,,,,,,,,,,,,,,,,,
161,SAW272,,12229818,saw272,SAW2721,,,,,,,,,,,,,,,,,,,,,,,,,,,,saw272,,,,,,,,,,,,,,,,,,,,,,,,,,,
162,AmA,,73478189,,ama_doooo,,,,,,,,,,,,,,,,,,,,,,,,,,,,,,,,,,,,,,,,,,,,,,,,,,,,,,,
163,Nono,,52767641,,07nono06,07nono06,,,,,,,,,,07nono06,,,,,,,,,,,,,,,,,,,,,,,,,,,,,,,,,,,,,,,,,,,,
164,Byou,,99458841,,byou488,,,,,,,,,,,byou488,,,,,,,,,,,,,,,,,,,,,,,,,,,,,,,,,,,,,,,,,,,,
165,Metaljelly,,89013446,,metaljelly0811,,,,,,,,,,,,,,,,,,,,,,,,,,,,,,,,,,,,,,,,,,,,,,,,,,,,,,,
166,Kimuniko,„Ç≠„É†„Éã„Ç≥,14097430,,kimnicodesu,,,,,,,,,,,,,,,,,,,,,,,,,,,,,,,,,,,,,,,,,,,,,,,,,,,,,,,
167,NagareBoshi,„Å™„Åå„ÇåÊòü,101913816,,N4gare_B0shi,,,,,,,,,,,N4gare_B0shi,,,,,,,,,,,n4gare,,,,,,,,,,,,,,,,,,,,,,,,,,,,,,,,,
168,Mo4ke,,38808847,,Elliot52324679,,,,,,,,,,,,,,,,,,,,,,,,,,,,,,,,,,,,,,,,,,,,,,,,,,,,,,,
169,Tsuyu,„Å§„ÇÜ,105988651,,mmmmmoill,,,,,,,,,,,,,,,,,,,,,,,,,,,,,,,,,,,,,,,,,,,,,,,,,,,,,,,
170,SorA,S√∂r√Ñ,96775174,,Soraa0830/sora_sabu0830,,,,,,,,Soraa0830,,,Soraa0830,,,,sr,,,,,,,,,,,,,,,,,,,,,,,,,,,,,,,,,,,,,,,,
171,Kuro_torie,,101507646,,96torie,,,,,,,,,,,,,,,,,,,,,,,,,,,,,,,,,,,,,,,,,,,,,,,,,,,,,,,
172,Arisame,Âú®ÈÆ´,67093918,alisame-at1,Alisame_at1/samesame_0412,,,,,,,,,,,Alisame_at1,,,,,,2720599,,,,,,,,,,,,,,,,,,,,,,,,,,,,,,,,,,,,,,
173,kj2,,1236840,,kj2_blue,,,,,,,,,,,kjtoo,,,36641,,,,,,,,,,,,,,,,kjtoo,,,,maniax/RG01013948,,,,,,,,,,,,,,,,,,,,,
174,JerbearRover,,52186350,jerbeartraveler,LewdRover,,,,,,,,,,,,,,,,,,,,,,,,,,,,,,,,,,,,,jerbeartraveler,,,,,,,,,,,,,,,,,,
175,Ponponnun,„ÅΩ„Çì„ÅΩ„Çì„Å¨„Çì,63107031,,aice9u,,,,,,,,,,,,,,,,,,,,,,,,,,,,,,aice9u,,,,,,,,,,,,,,,,,,,,,,,,,
176,Ponpon,„ÅΩ„Çì„ÅΩ„Çì,41823920,,skyup920,,,,,,,,,,,,,,,,,,,,,,,,,,,,,,,,,,,,,,,,,,,,,,,,,,,,,,,
177,Kainown,,1178854,,kainownill,,,,,,,,,,,,,,118743,,,,,,,,,,,,,,,,,,,,,,,,,,,,,,,,,,,,,,,,,
178,Negiuma,„Å≠„Åé„ÅÜ„Åæ,98113112,negiuma,negiumaya,,,,,,,,,,,negiumaya,,,118743,,,negiumaya,,,,,,,,,,,,,negiuma,,,,,,,,,,,,,,,,,,,,,,,,,
179,Nanatsuichi,,31357686,nanatsu023,IzulIzuru,,,,,nanatsu023,,,,,,,,,,,,,,,,,,,,,,,,,,,,,,,,,,,,,izulizuru,,,,,,,,,,,,IzulIzuru,
180,EriChisaki,,85362882,,,,,,,,,,,,,,,,,,,,,,,,,,,,,,,,,,,,,,,,,,,,,,,,,,,,,,,,,
181,Nootie,,42896597,,_lilnoot,,,,,,,,,nootie,,,,,,,,,,,,,,,,,,,,,,,,,,,,,,,,,,,,,,,,,,,,,,
182,Satou Kuuki,Â∑¶Ëó§Á©∫Ê∞ó,76712,patrietta,patrietta,,,,,,,,,,,,,,,,,,,,,,,,,,,,,,,,,,,,,,,,,,,,,,,,,,,,,,,
183,Endou Hiroto,ÈÅ†Ëó§ÂºòÂúü,1539728,intokuinfo,endouhiroto2,,,,,,,,intokuinfo,,,,,,,,,intokuinfo,,,,,,,,,,,,,,,,,,,,,,,,,,,,,,,,,,,,,,
184,Kareya,„Ç´„É¨„ÉºÂ±ã,266163,,superkareya,,,,,,,,,,,,,,,,,,,,,,,,,,,,,,,,,,,,,,,,,,,,,,,,,,,,,,,
185,Kareya,ÂΩºÂ§ú,31690832,,jixo95821699,,jixo95821699,,,,,,,,,,,,,,,,,,,,,,,,,,,,,,,,,,,,,,,,,,,,,,,,,,,,,jixo0407
186,AranK,ÂΩºÂ§ú,18514610,arank,KAran1217893,,,,,,,,,,,,,,,,,,,,,,,,,,,,,,,,,,,,,,,,,,,,,,,,,,,,,,,
187,Arang,ÏïÑÎûë,7117501,,Arang0220,,,,,,,,,,,,,,,,,,,,,,,,,,,,,,,,,,,,,,,,,,,,,,,,,,,,,,,
188,Teo,„Å¶„Åä,15796580,theobrobine,theobrobineMale,,,,,theobrobine,,,,,,,,,,,,81477,,,,,,,,,,,,,,,,,,,,,,,,,,,,,,,,,,,,,,
189,Ginkami Meteor,ÈäÄÊ≤≥Âë≥„ÇÅ„Å¶„Åä,98551645,gingars,ginga_RS,,,,,,,,,,,ginga_RS,,,,,,1283902,,,,,,,,,,,,,,,,,,,,,,,,,,,,,,,,,,,,,,
190,Muine,Î¨¥Ïù¥ÎÑ§,9511689,,muine2096,,,,,,,,,,,,,,,,,,,,,,,,,,,,,,,,,,,,,,,,,,,,,,,,,,,,,,,
191,Ruozhishichujian,Ëã•Âè™ÊòØÂàùËßÅ,13697312,,,,,,,,,,,,,,,,,,,,,,,,,,,,,,,,,,,,,,,,,,,,,,,,,,,,,,,,,
